Field;Title;Short Title;Description;Source
Energieerzeugung;Wind-Ausbau: In 2030 soll die Anzahl der Windkraftanlagen auf 42 WEA verdoppelt werden, um jährlich 280 GWh Strom zu erzeugen.;Wind-Ausbau;Ziel 2030: Im Rahmen einer innovativen, klimaschutzorientierten Energieversorgung wer- den die Stadtwerke Münster in erheblichem Umfang in regenerative Erzeu- gungskapazitäten in Onshore-Windenergieanlagen auf Freiflächen investieren. Bis 2030 soll die Anzahl der Windkraftanlagen auf 42 WEA verdoppelt werden, um jährlich 280 GWh Strom zu erzeugen.;Climate City Contract - 2030 Climate Neutrality Action Plan of the City of Muenster - 4.2 Module B-2 Climate Neutrality Portfolio Design (z. Dt.: Modul B-2 Portfolio-Gestaltung Klimaneutralität)
Energieerzeugung;PV-Ausbau: In 2030 sind PV-Anlagen von den Stadtwerken Münster zugebaut, um 100 GWh Strom durch Sonne zu erzeugen.;PV-Ausbau;"Ziel 2030: Im Rahmen einer innovativen, klimaschutzorientierten Energieversorgung wer- den die Stadtwerke Münster in erheblichem Umfang in regenerative Erzeu- gungskapazitäten, konkret in die Errichtung von Photovoltaikanlagen auf Müns- ters Dächern, investieren.
Die Stadtwerke Münster wollen PV-Anlagen (Dachanlagen, Freiflächeanlagen) bis 2030 zubauen, um 100 GWh Strom durch Sonne zu erzeugen.
Der Großteil dieser Anlagen wird auf dem Stadtgebiet in Münster realisiert. Dies wird durch das Schaffen von passgenauen Angeboten für die Zielgruppen „In- dustrie/Gewerbe, Wohnungswirtschaft, Stadt Münster und die Landwirtschaft“ geschafft.";Climate City Contract - 2030 Climate Neutrality Action Plan of the City of Muenster - 4.2 Module B-2 Climate Neutrality Portfolio Design (z. Dt.: Modul B-2 Portfolio-Gestaltung Klimaneutralität)
Energieerzeugung;Kommunale Wärme- und Energienutzungsplanung (ENP);Kommunale Wärme- und Energienutzungsplanung (ENP);" - Erstellung einer iterativen ENP zur Umsetzung der (kommenden) rechtlichen
Verpflichtung zur kommunalen Wärmeplanung
- ENP soll zumindest perspektivisch inhaltlich über kommunale Wärmeplanung
hinausgehen und Themen wie Strom, Grüne Gase und Kälte integriert betrach-
ten.
- Ermittlung von räumlich und zeitlich abgegrenzten Energieversorgungsvari-
anten zur langfristigen Planungssicherheit für alle Beteiligten unter Berücksich-
tigung von Dekarbonisierung, Preisstabilisierung und Energiesicherheit – wenn
möglich schon im Prozess Zwischenergebnisse herausgeben
- Energieeffizienz von Gebäuden ist parallel eine wichtige Bedingung
- Zusammenführung bereits schon laufender und bestehender Konzepte der
relevanten Akteure";Climate City Contract - 2030 Climate Neutrality Action Plan of the City of Muenster - 4.2 Module B-2 Climate Neutrality Portfolio Design (z. Dt.: Modul B-2 Portfolio-Gestaltung Klimaneutralität)
Energieerzeugung;BEW-Transformationsplan;BEW-Transformationsplan;"Ziel 2030: Mit dem Transformationsplan für Wärmenetze schreiben die Stadtwerke Müns- ter die Transformation zur Grünen Fernwärmeversorgung in Münster weiter fort. Im Jahr 2030 soll der Anteil erneuerbarer Energien in der Fernwärme bei 30 % liegen.
Eine vollständige Umstellung auf Grüne Wärmeerzeugung wird realistisch be- trachtet nicht bis zum Jahr 2030 möglich sein. Es bedarf Übergangslösungen mit umwelteffizienter Kraft-Wärme-Kopplungstechnologie.
Dabei setzen die Stadtwerke Münster bei ihrer Wärmestrategie auf verschiedene erneuerbare dezentrale Erzeugungstechniken, das Rückgrat bildet dabei das Fernwärmenetz als bereits vorhandene großflächige und weiter zu verdich- tende innerstädtische Verteilstruktur. Ein großer Baustein der Wärmeerzeu- gung könnte die Tiefe Geothermie werden, die angesichts der geologischen Ausgangssituation eine vielversprechende Option darstellt. Weitere Leittech- nologien sind Solarthermie, die elektrische Wärmeerzeugung in Power-to- Heat-Anlagen, Nutzung von Umweltwärme mittels Großwärmepumpen (u. a. aus dem Dortmund-Ems-Kanal und aus Abwasser) als auch saisonale Groß- wärmespeicher. Teilweise sind bzw. werden diese Technologien auch im Heizkraftwerk angesiedelt.";Climate City Contract - 2030 Climate Neutrality Action Plan of the City of Muenster - 4.2 Module B-2 Climate Neutrality Portfolio Design (z. Dt.: Modul B-2 Portfolio-Gestaltung Klimaneutralität)
Energieerzeugung;Heimatwärme aus der Tiefe: Im Jahr 2030 wollen die Stadtwerke Münster das erste Geothermie-Heizwerk mit einer Bohrdublette in Betrieb nehmen.;Geothermie-Heizwerk;Ziel 2030: Im Jahr 2030 wollen die Stadtwerke Münster das erste Geothermie-Heizwerk mit einer Bohrdublette in Betrieb nehmen und speisen damit jährlich bis zu 40 GWh klimaneutral in das Münsteraner Fernwärmenetz ein. Das erreichen die Stadtwerke, indem sie durch stetige Explorationsmaßnahmen einer 3-D-Seismik und einer Probebohrung das tatsächliche Potenzial der Tiefen Geothermie für Münster auf 1500 m Tiefe beweisen wollen. Der Plan zur Skalierung der Tiefen Geothermie mit weiteren Standorten für die Zukunft wird anschließend konkretisiert und die Planung der zweiten Bohrdublette beginnt.;Climate City Contract - 2030 Climate Neutrality Action Plan of the City of Muenster - 4.2 Module B-2 Climate Neutrality Portfolio Design (z. Dt.: Modul B-2 Portfolio-Gestaltung Klimaneutralität)
Energieerzeugung;Großwärmepumpen als Multitalent für Umweltwärme-Nutzung;Großwärmepumpen;Ziel 2030:4 Großwärmepumpen sollen bis 2030 in Betrieb genommen werden. Diese nutzen gewerblich-industrielle Abwärme, den Dortmund-Ems-Kanal und Klärwerksabwärme. Zusammengerechnet erzeugen diese Anlagen bis zu 100 GWh klimaneutrale Wärme.;Climate City Contract - 2030 Climate Neutrality Action Plan of the City of Muenster - 4.2 Module B-2 Climate Neutrality Portfolio Design (z. Dt.: Modul B-2 Portfolio-Gestaltung Klimaneutralität)
Energieerzeugung;Freiflächen-Solarthermie als Beschleuniger der Transformation: Im Jahr 2030 soll Freiflächen-Solarthermie in Münster etabliert sein;Freiflächen-Solarthermie ;Ziel 2030: Im Jahr 2030 soll Freiflächen-Solarthermie in Münster etabliert sein, da die Technologie erprobt ist. Durch die Solarthermie könnten die Kunden der Stadtwerke im Sommer eine vollständig klimaneutrale Fernwärmeversorgung erhalten und ab 2030 könnte im Jahr bis zu 50 GWh Wärme mit diesen Anlagen erzeugt werden. Sommerli- che Überschüsse sollen mit einem Saisonalspeicher für den Herbst nutzbar gemacht werden;Climate City Contract - 2030 Climate Neutrality Action Plan of the City of Muenster - 4.2 Module B-2 Climate Neutrality Portfolio Design (z. Dt.: Modul B-2 Portfolio-Gestaltung Klimaneutralität)
Energieerzeugung;Grüne Nahwärme: In 2030 sollen vier Neubaugebiete durch Grüne Nahwärme mit Wärme und „Temperierung“ versorgt werden;Grüne Nahwärme;Ziel 2030: Im Jahr 2030 sollen vier Neubaugebiete durch innovative Nahwärme mit Wärme und „Temperierung“ versorgt werden. Für die Bestands-Nahwärmenetze Albachten, Roxel, Amelsbüren und Hiltrup wird der zukünftige Weg durch Transformationspläne vorgezeichnet. Im Amelsbürener Wärmenetz soll bis 2030 eine erste erneuerbare Wärmeerzeugungs-Anlage umgesetzt werden und in Betrieb gehen. Für eine Abwärmenutzung des neuen Klärwerks in Hiltrup soll die Projektplanung abgeschlossen sein.;Climate City Contract - 2030 Climate Neutrality Action Plan of the City of Muenster - 4.2 Module B-2 Climate Neutrality Portfolio Design (z. Dt.: Modul B-2 Portfolio-Gestaltung Klimaneutralität)
Energieerzeugung;110kV-Zielnetzplanung: Münsters Süden soll in 2030 durch ein Hochspannungsnetz versorgt werden.;Hochspannungsnetz in Münsters Süden;Ziel 2030: Im Jahre 2030 wollen die Stadtnetze Münster über ein eigenes Hochspannungsnetz verfügen. Dieses Hochspannungsnetz besteht aus zwei redundant ausgelegten Hochspannungskabeln, die ein neues Umspannwerk am Hansa- Businesspark speisen. Mithilfe des neuen Umspannwerks wird der südwestliche Teil Münsters, rund um den Hansa-Businesspark, zuverlässig mit Strom versorgt. Es sorgt auch dafür, dass die vor Ort erneuerbar erzeugten Megawatt aus den umliegenden Erneuerbare-Energie-Anlagen, z. B. aus Photovoltaikanlagen und Windenergieanlagen der Stadtwerke Münster, in das Münsteraner Stromnetz eingespeist und der Energiebedarf Münsters zunehmend aus eige- ner Stromerzeugung gedeckt werden kann. Damit leistet die Stadtwerke-Münster-Gruppe einen wichtigen Beitrag zur Energie- und Mobilitätswende.;Climate City Contract - 2030 Climate Neutrality Action Plan of the City of Muenster - 4.2 Module B-2 Climate Neutrality Portfolio Design (z. Dt.: Modul B-2 Portfolio-Gestaltung Klimaneutralität)
Energieerzeugung;Netztransformation – Intelligente Niederspannung: In 2030 sind 95 % aller Haushalte mit intelligenten Messsystemen für Strom und 100 % für Gas ausgerüstet.;Intelligenten Messsysteme in Haushalten;"Ziel 2030:
- 95% aller Haushalte sollen mit intelligenten Messsystemen in 2030 ausgerüstet sein (Strom).
- 100% aller Haushalte mit Gasabnahmegeräten sollen ein intelligentes Messsystem für Gas haben und an das Smart Meter Gateway angeschlossen sein (vgl.: § 20 MsbG & § 40 MsbG) (Gas).
- 100% aller Haushalte mit Fernwärmeabnahme sollen ein intelligentes Messsystem für Wärmemengen haben und an das Smart Meter Gateway angeschlossen sein (vgl.: § 3 FFVAV ff.) (Fernwärme).
- Dies ermöglicht aus Netzsicht eine bessere Transparenz der Verbräuche und Leistungen der spartenübergreifenden Abnahmen. Dies ermöglicht beispielsweise die Steuerbarkeit von Verbrauchseinrichtungen (vgl.: § 14a EnWG).";Climate City Contract - 2030 Climate Neutrality Action Plan of the City of Muenster - 4.2 Module B-2 Climate Neutrality Portfolio Design (z. Dt.: Modul B-2 Portfolio-Gestaltung Klimaneutralität)
Energieerzeugung;Gasnetztransformation & Wasserstoff ;Gasnetztransformation & Wasserstoff ;"Ziel 2030:
Die Stadtnetze Münster GmbH ist Teil der Initiative H2vorOrt, welche mit dem Gasnetzgebietstransformationsplan (GTP) einen branchenweiten Planungsprozess ins Leben gerufen hat, der die Grundlage für die deutschlandweite Wasserstofftransformation im Verteilnetz schafft. H2vorOrt ist ein Zusammenschluss von gegenwärtig 47 Verteilnetzbetreibern im Deutschen Verein des Gasund Wasserfaches e.V. (DVGW) in Zusammenarbeit mit dem Verband kommunaler Unternehmen (VKU), die ihre Expertise für einen Hochlauf der Wasserstoffwirtschaft bündeln. Ziel des GTP ist es, die Transformation der Gasverteilnetze zu beschleunigen und die Einzelplanungen der Netzbetreiber in ein kohärentes Zielbild für ganz Deutschland einzubetten.
Dabei geht es u. a. darum, durch die Umwidmung einzelner Übernahmestationen das Verteilnetz an das Wasserstoff-Fernnetz anzuschließen. Für alle weiteren Erzeugungsanlagen, die zukünftig betrieben werden sollen, planen die Stadtnetze Münster konkrete Ausbaupläne für die Versorgung mit klimaneutralen Gasen. Des Weiteren sollen durch gemeinsame Projekte mit den vorgelagerten Netzbetreibern frühzeitig Kapazitäten an Grünen Gasen gesichert und in die Verteilnetze eingespeist werden.
Darüber hinaus haben die Stadtwerke Münster gemeinsam mit der Westenergie AG beschlossen, den Hochlauf von Grünem Wasserstoff in Münster voranzutreiben. Diese Partnerschaft erstreckt sich auch auf ihre Tochtergesellschaften, die Westnetz GmbH und die Stadtnetze Münster GmbH. Durch eine Absichtserklärung (LOI) vereinbaren die vier Unternehmen den Erfahrungsaustausch bezüglich einer Wasserstoff-Infrastruktur und einer potenziellen Lieferabnahme von Wasserstoff durch die Stadtwerke Münster.";Climate City Contract - 2030 Climate Neutrality Action Plan of the City of Muenster - 4.2 Module B-2 Climate Neutrality Portfolio Design (z. Dt.: Modul B-2 Portfolio-Gestaltung Klimaneutralität)
Energieerzeugung;Integriertes Flächenkonzept MS (IFM): Siedlungs-, Frei-/Grünflächen und Standorte für erneuerbare Energien in Balance;Integriertes Flächenkonzept MS (IFM);"Mit dem Integrierten Flächenkonzept Münster richtet die Stadt den Blick frühzeitig und proaktiv auf künftige Entwicklungen. Ziel ist es, Entwicklungsflächen unter anderem für neue Wohnund Arbeitsstätten zu identifizieren, Flächenpotenziale für eine klimaneutrale Energieversorgung zu verorten und gleichzeitig die hochwertigen Freiräume der Stadt als wesentliches Alleinstellungsmerkmal zu schützen und weiterzuentwickeln. Damit soll ein nachhaltiger Rahmen für die zukünftige räumliche Stadtentwicklung geschaffen und zugleich in Bezug auf künftige Wohnund Arbeitsstättenbedarfe die Handlungsfähigkeit Münsters bewahrt werden.
Der IFM-Prozess soll insofern eine fachlich ausgewogene Abwägung der unterschiedlichen Ansprüche an den Raum vorbereiten, er ist informell und wird proaktiv von der Stadt durchgeführt.";Climate City Contract - 2030 Climate Neutrality Action Plan of the City of Muenster - 4.2 Module B-2 Climate Neutrality Portfolio Design (z. Dt.: Modul B-2 Portfolio-Gestaltung Klimaneutralität)
Energieerzeugung;Glasfaserausbau Münster ;Glasfaserausbau Münster ;"Ziel 2030:
Eine leistungsfähige Glasfaserversorgung wird als Standortfaktor für Münster zukünftig noch viel entscheidender werden, daher stellen die Stadtwerke Münster auch den „digitalen Herzschlag“ ihrer Stadt sicher. Bis zum Jahr 2030 sollen 80 % der Haushalte in Münster mit Glasfaserverbindungen versorgt sein. Dazu haben die Stadtwerke Münster u. a. eine umfassende Kooperation mit der Deutschen Telekom vereinbart, bei der die Stadtwerke ihre Expertise für die Verlegung der Glasfaserleitungen einbringen werden und die Telekom ihr Know-how bereitstellt.
Aufgrund ihrer höheren Effizienz verbraucht die Glasfasertechnologie deutlich weniger Strom als kupferbasierte Netze (bis zu 17-mal weniger Strom). Dadurch leistet der Glasfaserausbau der Stadtwerke Münster einen entscheidenden Beitrag zum Ziel der Klimaneutralität in Münster.";Climate City Contract - 2030 Climate Neutrality Action Plan of the City of Muenster - 4.2 Module B-2 Climate Neutrality Portfolio Design (z. Dt.: Modul B-2 Portfolio-Gestaltung Klimaneutralität)
Bauen und Sanieren;Strategie zur Erreichung der Klimaneutralität 2030 für städtische Gebäude;Strategie für städtische Gebäude;Strategie zur Erreichung der Klimaneutralität 2030 mittels der Sanierung von 46 Standorten auf der Grundlage des Beschlusses zu den Gebäudeleitlinien: „Der Energieverbrauch der städtischen Gebäude soll bis zum Jahr 2030 um 50 % sowie die CO2-Emissionen um 70 % reduziert werden“ (ggü. 1990).;Climate City Contract - 2030 Climate Neutrality Action Plan of the City of Muenster - 4.2 Module B-2 Climate Neutrality Portfolio Design (z. Dt.: Modul B-2 Portfolio-Gestaltung Klimaneutralität)
Bauen und Sanieren;Energetische und klimagerechte Quartierssanierung;Quartierssanierung;Energetische und klimagerechte Quartierssanierung – Klimaschutz und Klima- anpassung im Quartier: zentrales Vorhaben zur Erhöhung der allgemeinen Sa- nierungsrate – Zukunftsfähige, nutzungsflexible Stadtquartiere fördern – Klima- schutz, Wohnangebote, Energieversorgung, Mobilität und Nahversorgung und weitere Themen in Münster integriert betrachten.;Climate City Contract - 2030 Climate Neutrality Action Plan of the City of Muenster - 4.2 Module B-2 Climate Neutrality Portfolio Design (z. Dt.: Modul B-2 Portfolio-Gestaltung Klimaneutralität)
Bauen und Sanieren;Gebäudeleitlinien bzw. energetischer Standard für Neubauten;Gebäudeleitlinien/Standards Neubauten;"Der Rat der Stadt Münster hat am 26. August 2020 die überarbeiteten Gebäu- deleitlinien mit einem Änderungsantrag für Münster beschlossen. Der Energie- verbrauch der städtischen Gebäude soll bis zum Jahr 2030 um 50 % sowie die CO2-Emissionen um 70 % reduziert werden. Sowohl für Neubau- als auch für Umbau- und Sanierungsmaßnahmen gibt es verbindliche Qualitätskriterien und eine Richtschnur für alle am Bauprozess städtischer Gebäude Beteiligten. Die Gebäudeleitlinien gelten dabei für alle Gebäude der Stadt Münster. Die städti- schen Tochterunternehmen wurden laut Beschluss auch aufgefordert, die Ge-
bäudeleitlinien zu beschließen und anzuwenden.";Climate City Contract - 2030 Climate Neutrality Action Plan of the City of Muenster - 4.2 Module B-2 Climate Neutrality Portfolio Design (z. Dt.: Modul B-2 Portfolio-Gestaltung Klimaneutralität)
Bauen und Sanieren;Sanierungsstrategie Wohn- und  Stadtbau GmbH;Sanierungsstrategie Wohn- und  Stadtbau GmbH;Umstellung auf CO2-freie Wärme- und Warmwasserversorgung des Gebäude- bestands  und  Verbrauchsreduktion:  Dämmung,  Teil-  und  Vollsanierung,  Be- triebsoptimierung;Climate City Contract - 2030 Climate Neutrality Action Plan of the City of Muenster - 4.2 Module B-2 Climate Neutrality Portfolio Design (z. Dt.: Modul B-2 Portfolio-Gestaltung Klimaneutralität)
Bauen und Sanieren;Thermografiebefliegung MS;Thermografiebefliegung MS;"Das Projekt setzt sich aus drei Phasen zusammen:
1.   Thermografiebefliegung: Aufnahme der Wärmebilder von Münsters Dachlandschaft und Datenauswertung
2.   Anschreiben der Hauseigentümer*innen sowie Beratungsangebot zur energetischen Sanierung 3.   Fortlaufende kostenfreie Energieberatung, Zustellung und Interpreta- tionsunterstützung bei der Auswertung der Thermografieaufnahmen";Climate City Contract - 2030 Climate Neutrality Action Plan of the City of Muenster - 4.2 Module B-2 Climate Neutrality Portfolio Design (z. Dt.: Modul B-2 Portfolio-Gestaltung Klimaneutralität)
Bauen und Sanieren;Förderprogramm  klimafreundliche  Wohngebäude;Förderprogramm  klimafreundliche  Wohngebäude;"Die Stadt Münster fördert mit dem Förderprogramm vielfältige Maßnahmen zur energetischen Optimierung von Wohngebäuden im Stadtgebiet. Von der Ge- bäudedämmung  und  dem  Heizungsaustausch  über  Dachbegrünung  bis  zu ökologischen Dämmstoffen gibt es viele Möglichkeiten, einen wichtigen Beitrag
zur Reduzierung der CO2-Emissionen in Münster zu leisten.";Climate City Contract - 2030 Climate Neutrality Action Plan of the City of Muenster - 4.2 Module B-2 Climate Neutrality Portfolio Design (z. Dt.: Modul B-2 Portfolio-Gestaltung Klimaneutralität)
Bauen und Sanieren;PV-Anlagen auf städtischen Gebäuden;PV-Anlagen auf städtischen Gebäuden;Bei allen zukünftigen Neu- und Erweiterungsbauten werden Dachflächen voll- flächig mit PV-Anlagen ausgestattet, Ratsvorlage wird erstellt und kommt vor der Sommerpause 2024 in die Beratungskette.;Climate City Contract - 2030 Climate Neutrality Action Plan of the City of Muenster - 4.2 Module B-2 Climate Neutrality Portfolio Design (z. Dt.: Modul B-2 Portfolio-Gestaltung Klimaneutralität)
Bauen und Sanieren;Leitfaden klimagerechte Bauleitplanung;Leitfaden klimagerechte Bauleitplanung;Der Planungsleitfaden listet die Belange von Klimaschutz und Klimaanpassung auf, die in den jeweiligen Planungsphasen berücksichtigt werden müssen.;Climate City Contract - 2030 Climate Neutrality Action Plan of the City of Muenster - 4.2 Module B-2 Climate Neutrality Portfolio Design (z. Dt.: Modul B-2 Portfolio-Gestaltung Klimaneutralität)
Bauen und Sanieren;Münsters    „Standard    für    klimagerechtes Bauen“   in   „Grundstückskaufverträgen   und städtebaulichen Verträgen“;Standard    für    klimagerechtes Bauen;"Durch  die  Kombination  aus  dem  Standard  „KfW-Effizienzhaus-/gebäude  40“ und  dem  Solarstandard  wird  der  CO2-Ausstoß  beim  Betrieb  von  Neubauten deutlich gesenkt und je nach Gebäude bilanziell auch ein Plus-Energie-Stan-
dard erreicht, mit dem das Gebäude über das Jahr mehr Energie erzeugt, als es verbraucht.";Climate City Contract - 2030 Climate Neutrality Action Plan of the City of Muenster - 4.2 Module B-2 Climate Neutrality Portfolio Design (z. Dt.: Modul B-2 Portfolio-Gestaltung Klimaneutralität)
Mobilität;Elektrifizierung ÖPNV;Elektrifizierung ÖPNV;"Ziel 2030:
Ein weiterer wichtiger Baustein für den Herzschlag Münsters ist die Umstellung der Busflotte auf elektrische und emissionsfreie Antriebe sowie die Entwicklung des Verkehrs zu einem systematisch ineinandergreifenden multimodalen Mo- bilitätssystem. Bis 2029 sollen 100 % der eigenen 116 Busse und ebenso ein Teil der rd. 100 angemieteten Busse aus den dezentralen Depots der privaten Partnerunternehmen am Stadtrand elektrifiziert sein.
Parallel wird die dafür notwendige Infrastruktur am Bus-Depot sowie an ausge- wählten, Haltestellen aufgebaut. Zur Finanzierung des Vorhabens werden ver- schiedene Förderprogramme genutzt. Auf die Elektrifizierung der Bus-Flotte der Auftragsunternehmen und der regionalen Verkehrsunternehmen wirken die Stadtwerke im Rahmen ihrer Möglichkeiten hin.
Das multimodale Mobilitätssystem wird verschiedene Verkehrsmittel integrie- ren, unter anderem das Stadtteilauto über die Beteiligung der Stadtwerke an dem gleichnamigen lokalen Carsharing-Anbieter.";Climate City Contract - 2030 Climate Neutrality Action Plan of the City of Muenster - 4.2 Module B-2 Climate Neutrality Portfolio Design (z. Dt.: Modul B-2 Portfolio-Gestaltung Klimaneutralität)
Mobilität;Ausbau öffentlicher Ladeinfrastruktur;Ausbau öffentlicher Ladeinfrastruktur;"Die  öffentliche  Ladeinfrastruktur  soll  fortlaufend  weiterentwickelt  und  ausge- baut werden, sodass zukünftig ein flächendeckendes Angebot an Lademög-
lichkeiten bereitgestellt werden kann und der Umstieg auf E-Fahrzeuge attrak- tiver wird.";Climate City Contract - 2030 Climate Neutrality Action Plan of the City of Muenster - 4.2 Module B-2 Climate Neutrality Portfolio Design (z. Dt.: Modul B-2 Portfolio-Gestaltung Klimaneutralität)
Mobilität;Erweiterung E-Carsharing Angebot;Erweiterung E-Carsharing Angebot;Um den Umweltverbund zu stärken, den stadtweiten Kfz-Bestand zu reduzie- ren und den Zugang zum stadtweiten Carsharing-Angebot (auch E-Carsharing) zu verbessern, werden hierfür Flächen im Verkehrsraum bereitgestellt und po- tenziellen Anbietern im Ausschreibungsverfahren zur Verfügung gestellt.;Climate City Contract - 2030 Climate Neutrality Action Plan of the City of Muenster - 4.2 Module B-2 Climate Neutrality Portfolio Design (z. Dt.: Modul B-2 Portfolio-Gestaltung Klimaneutralität)
Mobilität;Ausbau Mobilstationen;Ausbau Mobilstationen;"Durch den Ausbau von Mobilstationen soll die Vernetzung der Verkehrsträger – insbesondere die des Umweltverbundes – verbessert werden.
Nach der Festlegung von Qualitätsstandards soll, nach entsprechendem politi- schem Beschluss über das Standortkonzept, ab 2024 die sukzessive Umset- zung erfolgen.";Climate City Contract - 2030 Climate Neutrality Action Plan of the City of Muenster - 4.2 Module B-2 Climate Neutrality Portfolio Design (z. Dt.: Modul B-2 Portfolio-Gestaltung Klimaneutralität)
Mobilität;Parkraumkonzept;Parkraumkonzept;"Es wird ein maßnahmenorientiertes Konzept zur Neuordnung und Anpassung des Parkraumangebots in der Innenstadt entwickelt. Die Ziele dabei sind, das sichtbare  Parken im  öffentlichen Raum  zu reduzieren und damit die Aufent- haltsqualität und Barrierefreiheit zu erhöhen. Hierbei sollen die Bewohnerpark-
zonen ausgeweitet, ein Parkraumanagement eingeführt und das „faire Parken“ umgesetzt werden.";Climate City Contract - 2030 Climate Neutrality Action Plan of the City of Muenster - 4.2 Module B-2 Climate Neutrality Portfolio Design (z. Dt.: Modul B-2 Portfolio-Gestaltung Klimaneutralität)
Mobilität;Fahrradnetz 2.0;Fahrradnetz 2.0;"Unter der Überschrift „Fahrradnetz 2.0“ wird eine Hierarchisierung und insge- samte Verbesserung des städtischen Radverkehrsnetzes angestrebt – mit dem Ziel, den Radverkehrsanteil am Umweltverbund weiter zu steigern und damit verkehrsbedingte CO2-Emissionen zu reduzieren. Hierfür wurden im Rahmen
der Konzepterstellung  verschiedene  Handlungsempfehlungen entwickelt, die Anfang 2024 in die politische Beratung eingebracht wurden.";Climate City Contract - 2030 Climate Neutrality Action Plan of the City of Muenster - 4.2 Module B-2 Climate Neutrality Portfolio Design (z. Dt.: Modul B-2 Portfolio-Gestaltung Klimaneutralität)
Mobilität;Geschäftsanweisung „Dienstreisen und- gänge im Umweltverbund“;Geschäftsanweisung Dienstreisen;"Definition  eines  Rahmens  für  Dienstreisen,  der  Nachhaltigkeits-  und  Klima-
schutzaspekte verbindlich einbezieht.";Climate City Contract - 2030 Climate Neutrality Action Plan of the City of Muenster - 4.2 Module B-2 Climate Neutrality Portfolio Design (z. Dt.: Modul B-2 Portfolio-Gestaltung Klimaneutralität)
Mobilität;Ausbau von Mitarbeitendenmobilitäts-Angeboten;Ausbau von Mitarbeitendenmobilitäts-Angeboten;Um die Mitarbeitenden bei der Nutzung des Umweltverbunds für den Arbeits- weg zu unterstützen/zu supporten/zu fördern oder Anreize/Incentives zum Um- stieg vom MIV auf den Umweltverbund zu geben, befinden sich verschiedene Projekte in Planung oder sind bereits umgesetzt.;Climate City Contract - 2030 Climate Neutrality Action Plan of the City of Muenster - 4.2 Module B-2 Climate Neutrality Portfolio Design (z. Dt.: Modul B-2 Portfolio-Gestaltung Klimaneutralität)
Mobilität;Reduzierung & Elektrifizierung Fuhrpark;Reduzierung & Elektrifizierung Fuhrpark;"Der städtische Fuhrpark soll fortlaufend auf E-Mobilität umgestellt werden. Dies geschieht bereits bei vielen Ersatzbeschaffungen. Außerdem wird der Umfang
des städtischen Fuhrparks kritisch analysiert, um Überkapazitäten abzubauen. Zur Beschleunigung und Systematisierung des Prozesses werden darüber hin- aus u. a. die folgenden Instrumente, Projekte und Begleitprozesse initiiert:
?     Sondierung Fahrzeugbestand
?     Weitere Verlagerung auf Carsharing
?     Einführung Fuhrparkmanagement (perspektivisch)
?     Dienstwagen-Pooling";Climate City Contract - 2030 Climate Neutrality Action Plan of the City of Muenster - 4.2 Module B-2 Climate Neutrality Portfolio Design (z. Dt.: Modul B-2 Portfolio-Gestaltung Klimaneutralität)
Mobilität;S-Bahn-Münsterland;S-Bahn-Münsterland;Der Schienenpersonennahverkehr soll in den nächsten Jahren massiv gestärkt und damit eine deutliche Verlagerung des Pendlerverkehrs vom motorisierten Individualverkehr  auf  den  Umweltverbund  insgesamt  erreicht  werden.  Dazu sollen neben zusätzlichen Zugfahrten auf den vorhandenen Strecken auch still- gelegte Bahntrassen reaktiviert und neue Haltepunkte gebaut werden.;Climate City Contract - 2030 Climate Neutrality Action Plan of the City of Muenster - 4.2 Module B-2 Climate Neutrality Portfolio Design (z. Dt.: Modul B-2 Portfolio-Gestaltung Klimaneutralität)
Mobilität;Neukonzeption des bestehenden ÖPNV-An- gebotes;Neukonzeption des ÖPNV-Angebotes;"Das bestehende ÖPNV-Angebot wird fortan weiterentwickelt und -konzeptio- niert, mit dem Ziel, den Umweltverbund zu stärken und dadurch die verkehrs- bedingten Emissionen zu reduzieren. Ein zentraler Baustein dabei ist die Auf-
stellung des Nahverkehrsplans.";Climate City Contract - 2030 Climate Neutrality Action Plan of the City of Muenster - 4.2 Module B-2 Climate Neutrality Portfolio Design (z. Dt.: Modul B-2 Portfolio-Gestaltung Klimaneutralität)
Klimahaushalt;Ökosoziale Vergaben;Ökosoziale Vergaben;"Der Rat hat den Oberbürgermeister am 07.09.2022 beauftragt, in einem gemeinsamen Arbeitskreis von Politik und Verwaltung sozial-ökologische Kriterien für die Beschaffung von Waren, Diensten und Werken zu entwickeln und ein Verfahren vorzuschlagen, wie man deren Einhaltung gesetzeskonform sichern und überwachen kann.
Die Verwaltung hat dem Arbeitskreis einen Richtlinientext vorgeschlagen und zur Diskussion in den politischen Kreisen mit ihnen nahestehenden Interessenvertretern aus der Zivilgesellschaft überlassen. Die durch die politischen Vertretungen mit Änderungsvorschlägen kommentierte Version befindet sich nun zur Stellungnahme in der Verwaltung, damit der Arbeitskreis sodann abstimmen kann, welche Fassung er dem Rat vorschlägt.";Climate City Contract - 2030 Climate Neutrality Action Plan of the City of Muenster - 4.2 Module B-2 Climate Neutrality Portfolio Design (z. Dt.: Modul B-2 Portfolio-Gestaltung Klimaneutralität)
Klimahaushalt;Nachhaltige Geldanlagen;Nachhaltige Geldanlagen;"Die Stadt Münster legt Gelder insbesondere zur Reduzierung künftiger Versor- gungslasten für die  Pensionszahlungen an Beamt*innen in  zwei städtischen Spezialfonds an. Beim Versorgungs- und Sanierungsfonds (VUS-Fonds) ist die Stadt  Münster  alleinige  Anlegerin,  der  Westfälische-Versorgungs-Rücklage- Fonds (WVR-Fonds) ist ein Zusammenschluss von neun Kommunen. Seit dem Jahr 2016 erfolgt die Kapitalanlage nach nachhaltigen Kriterien. Die
vom Fondsmanagement erworbenen Aktien und Unternehmensanleihen müs- sen  bestimmten  nachhaltigen  Kriterien  genügen.  Einige  Branchen  sind  voll- ständig  ausgeschlossen  (Fracking/Militärwaffen/Atomenergie/klimaschädliche Energie),  alle  anderen  Branchen  müssen  ein  bestimmtes  Nachhaltigkeitsni- veau  erreichen.  Bei  Unternehmensanleihen  muss  es  sich  um  sogenannte
‚Green  Bonds‘  handeln.  Bestimmungen  zur  Nachhaltigkeit  der  Geldanlagen sind in der Anlagerichtlinie der Stadt Münster festgehalten.
Darüber hinaus hat die Stadt Münster insbesondere in ihrem allein gehaltenen Fonds das ESG Reporting deutlich ausgebaut. Der ESG-Bericht und der CO2- Bericht sind mittlerweile fester Bestandteil der halbjährlichen Sitzung des Anla- geausschusses. Die Maßnahmen haben den CO2-Fußabdruck und das ESG- Rating  der  gehaltenen  Wertpapiere  und  damit  der  städtischen  Geldanlagen deutlich verbessert.
Die Anlagenrichtlinie wurde nun weiterentwickelt und um Nachhaltigkeitskrite- rien erweitert. Erstmalig werden auch Investitions- bzw. Ausschlusskriterien für den Erwerb von Staatsanleihen definiert. Darüber hinaus müssen für Investiti- onen in Unternehmen/Staaten zukünftig bestimmte Einstufungen im ESG-Ra- ting erfüllt werden.";Climate City Contract - 2030 Climate Neutrality Action Plan of the City of Muenster - 4.2 Module B-2 Climate Neutrality Portfolio Design (z. Dt.: Modul B-2 Portfolio-Gestaltung Klimaneutralität)
Klimahaushalt;Nachhaltigkeitsberichterstattung im Stadtkonzern;Nachhaltigkeitsberichterstattung im Stadtkonzern;"Stärkung von Nachhaltigkeitsberichterstattungen im Stadtkonzern.
Die bestehenden Berichterstattungen im Stadtkonzern sind heterogen, da teil- weise Pflichten bestehen oder sich abzeichnen (EU-Richtlinie CSRD (Corpo- rate Sustainability Reporting Directive)) und teilweise andere Berichtsformate, wie die gemeinwohlorientierte Bilanz, in Nutzung sind.
Die Nachhaltigkeitsberichterstattung der städtischen Beteiligungsgesellschaf-
ten soll gestärkt werden. Hierzu wird es Empfehlungen im Rahmen des Public- Corporate-Governance-Kodex geben.";Climate City Contract - 2030 Climate Neutrality Action Plan of the City of Muenster - 4.2 Module B-2 Climate Neutrality Portfolio Design (z. Dt.: Modul B-2 Portfolio-Gestaltung Klimaneutralität)
Klimahaushalt;Einrichtung eines Bauinvestitionscontrollings;Einrichtung eines Bauinvestitionscontrollings;"Der Antrag A-R/0053/2022 von Bündnis 90/Die Grünen, SPD und Volt an den Rat der Stadt Münster hat zum Inhalt, das „Controlling bezüglich Kosten für Bau und  Anmietung  zu  verbessern“.  Hierzu  fordert  die  Politik,  ein  unabhängiges Bauinvestitionscontrolling  aufzubauen und  zu etablieren. Dies soll insbeson- dere dazu dienen, die Investitionskosten im Blick zu haben und zu beurteilen,
welche  Kostensteigerungen  tatsächlich  notwendig  sind.  Außerdem  soll  das Controlling einen kritischen Blick auf die Bedarfe der einzelnen Ämter werfen und prüfen, inwiefern diese tatsächlich notwendig sind. Politik, Immobilienma-
nagement und die Bedarfsämter können dies aktuell nicht unabhängig prüfen.";Climate City Contract - 2030 Climate Neutrality Action Plan of the City of Muenster - 4.2 Module B-2 Climate Neutrality Portfolio Design (z. Dt.: Modul B-2 Portfolio-Gestaltung Klimaneutralität)
Klimahaushalt;Entwicklung eines Klimahaushaltes;Entwicklung eines Klimahaushaltes;"Das Steuerungselement Finanzen soll mit Aussagen zu Klimawirkungen ver- bunden werden. Das Instrument Klimahaushalt soll dabei eine Hilfe sein, um zu verstehen, welche Klimaauswirkungen Finanzentscheidungen haben. Da es in Deutschland bisher keine Kommune mit einem echten Klimahaushalt gibt,
bedarf es einer Konzeption, die als Prozess zu verstehen ist. Erste Ideen wur- den hierzu entwickelt und getestet.";Climate City Contract - 2030 Climate Neutrality Action Plan of the City of Muenster - 4.2 Module B-2 Climate Neutrality Portfolio Design (z. Dt.: Modul B-2 Portfolio-Gestaltung Klimaneutralität)
Klimahaushalt;Green Bonds/Grüner Schuldschein;Green Bonds/Grüner Schuldschein;"Im September 2021 hat der Rat der Stadt Münster mit der Vorlage V/0666/2021 die  Verwaltung  beauftragt,  die  nachhaltige  Kapitalbeschaffung  über  einen Green Bond zu initiieren. Die Platzierung des Schuldscheins am Markt erfolgte im September 2022. Aufgrund des großen Interesses an dem Grünen Schuld- schein konnte das ursprüngliche Volumen von 100 auf 140 Mio. Euro erhöht und zugeteilt werden. Erfreulich war, dass alle Laufzeiten von 7 bis 20 Jahren auf Interesse der Investierenden gestoßen sind und bedient werden konnten. Insgesamt haben 16 Investierende den Schuldschein gezeichnet. Im Septem- ber 2023 wurde der 1. Allokations- und Wirkungsbericht zum Green Bond vor- gelegt. In dem Bericht wird über die Mittelverwendung (Allokationsbericht) und die  Nachhaltigkeitswirkung  der  finanzierten  Investitionen  beziehungsweise Projekte (Wirkungsbericht) Auskunft gegeben.
Für das Jahr 2024 ist die Auflegung eines weiteren Green Bonds über 120 Mil- lionen Euro geplant.";Climate City Contract - 2030 Climate Neutrality Action Plan of the City of Muenster - 4.2 Module B-2 Climate Neutrality Portfolio Design (z. Dt.: Modul B-2 Portfolio-Gestaltung Klimaneutralität)
Bildung und Ernährung;Aktionsplan nachhaltiges Ernährungssystem Münster;Aktionsplan nachhaltiges Ernährungssystem Münster;"Der Beirat Global Nachhaltige Entwicklung hatte 2019 dieses Projekt als eines der Schlüsselprojekte der Nachhaltigkeitsstrategie Münster 2030 zur Umsetzung empfohlen.
Die Verwaltung hat mittlerweile (August 2023) in Kooperation mit der FH Münster und dem Ernährungsrat e.V. die Projektskizze für den Wettbewerb des BMELs „Food for Münster 2030 (FoorMS2030). Die Ernährungswende in der Region gemeinsam gestalten“ eingereicht. Es ist ein zweistufiges Verfahren. Derzeit ist abzuwarten, ob und wann es weitergeht.";Climate City Contract - 2030 Climate Neutrality Action Plan of the City of Muenster - 4.2 Module B-2 Climate Neutrality Portfolio Design (z. Dt.: Modul B-2 Portfolio-Gestaltung Klimaneutralität)
Bildung und Ernährung;"Bildung  für  nachhaltige  Entwicklung  fest  in schulischen und außerschulischen Bildungs-
einrichtungen etablieren";Bildung  für  nachhaltige  Entwicklung ;"Bildung für nachhaltige Entwicklung (BNE) bis 2030 fest in Bildungseinrichtun- gen zu etablieren, ist ein vom Rat der Stadt Münster beschlossenes Ziel der Stadt Münster. Schwerpunkte für das Jahr 2024 u. a. mit Schwerpunkt Klima und Ernährung sind:
- Weiterentwicklung des Münsteraner BNE-Netzwerkes (2 – 3 Vernetzungstref- fen; nächstes gemeinsames Bildungsprogramm für das Schuljahr 2023/2024 entwickeln, nächste gemeinsame BNE-Fachtagung im Herbst 2024; Entwick- lung eines Newsletters)
- Unterstützung von „Schule der Zukunft“: Anwerben weiterer Schulen; Durch- führung von 1 – 2 ganztägigen BNE-Modulen (für Lehrer*innen oder weitere Pädagog*innen)  und  1  –  2  Schüler*innenakademien  (schulübergreifend  für Schüler*innen);  Aufbau  des  Münsteraner  Schulnetzwerkes  „Schule  der  Zu- kunft“
- Umsetzung des Grundschulprojekts „YooLe – raus aus Schule“ mit derzeit 7 beteiligten Grundschulen und Weiterentwicklung und Ausdehnung des Ange- bots für das Schuljahr 2024/2025
- Umsetzung des vielfältigen Bildungsprogramms in Kooperation mit Haus Heit- horn
- Weiterführung des „Zukunftsdiploms“ als Kooperationsprojekt des BNE-Regi- onalzentrums mit der vhs Münster
- Weiterentwicklung des  Schulgartennetzwerkes mit beteiligten Schulen (ge- meinsame Obsternte auf der Streuobstwiese Haus Kump; Apfelversaftungsak- tion mit beteiligten Grundschulen; Austauschtreffen)
- Aktionstage zum Aufstellen und Erstbepflanzen von 12 neuen Hochbeeten an unterschiedlichen Schulen  (Kooperationsprojekt mit dem  Adolph-Kolping-Be- rufskolleg)
- Einführung einer regelmäßigen „BNE-Sprechstunde“ im Haus der Nachhaltig- keit
- Vergabe und Beratung zum städtischen Förderprogramm „Urbane Bürgergär- ten“";Climate City Contract - 2030 Climate Neutrality Action Plan of the City of Muenster - 4.2 Module B-2 Climate Neutrality Portfolio Design (z. Dt.: Modul B-2 Portfolio-Gestaltung Klimaneutralität)
Bildung und Ernährung;Umstellung Kantinenessen;Umstellung Kantinenessen;"Ziele:
Mit der Vorlage V/0669/2019 hat der Rat der Stadt Münster folgendes Ziel be- schlossen: „Die Verpflegung in den städtischen Kantinen erfolgt zunehmend
aus biologischem Anbau, fair, regional und saisonal. Feste Bestandteile des Speiseplans sind vegetarische und vegane Angebote.“ Mit der Vorlage V/0731/2021 wurde das Maßnahmenprogramm Klimaneutrale Stadtverwaltung 2030 beschlossen. Darin heißt es konkret: „Städtische Veran- staltungen, die Mittagsverpflegung in den Kantinen und die Ratsarbeit erfolgen nachhaltig und klimaneutral.“
Bis 2022:
Die Verpflegung in den städtischen Kantinen ist zu 20 % auf faire, saisonale und regionale Bio-Lebensmittel umgestellt. 33 % der Gerichte sind vegetarisch. Bis 2030:
- Der Lebensmittelbedarf wird, sofern verfügbar, vollständig aus umweltscho- nenden, saisonal produzierten Bio-Lebensmitteln der Region gedeckt. Gilt auch für kommunale Einrichtungen und Betriebe (im Rahmen der zur Verfügung ste- henden Budgets).
Für  die  Zielerreichung  werden  verschiedene  Teilprojekte  erforderlich  sein. Zentraler Ansatz ist derzeit die Bewerbung der städtischen Kantine für das Kan- tinenprogramm NRW der Verbraucherzentrale NRW: Die Verbraucherzentrale NRW bietet fachliche Beratung, um Einrichtungen in öffentlicher Trägerschaft bei der Optimierung des Verpflegungsangebotes zu begleiten. Kantinen wer- den dabei unterstützt, das Verpflegungsangebot attraktiv und gesundheitsför- dernd auszurichten, Lebensmittelabfälle  zu reduzieren und das Bewusstsein für mehr Wertschätzung von Lebensmitteln zu stärken. Zudem erhalten sie Im-
pulse für die Beschaffung von regional erzeugten Lebensmitteln. Ob die städti- sche Kantine für das Programm ausgewählt wird, ist noch offen.";Climate City Contract - 2030 Climate Neutrality Action Plan of the City of Muenster - 4.2 Module B-2 Climate Neutrality Portfolio Design (z. Dt.: Modul B-2 Portfolio-Gestaltung Klimaneutralität)
Bildung und Ernährung;KlimaTraining skalieren;KlimaTraining skalieren;"Das KlimaTraining der Stadt Münster ist ein langfristiges Projekt. Es soll einen
„Schneeballeffekt“ zur Aktivierung und Qualifizierung der Münsteraner Bevöl- kerung hin zu klimafreundlichen Verhaltensweisen unterstützen und damit die Transformation der Stadtgesellschaft bis 2030 vorantreiben.
Das KlimaTraining findet aktuell zweimal jährlich in Kleingruppen mit circa fünf Teilnehmenden (Trainees) statt. Die jeweiligen Gruppen werden von ehrenamt- lichen KlimaTrainer*innen moderiert. Im KlimaTraining erarbeiten die Teilneh- menden  (Trainees)  individuelle  Klimaschutzmaßnahmen  und  erhalten  Gele- genheit, klimafreundliche Angebote auszuprobieren und zu testen. Hierzu wird
von Münsteraner Unternehmen und Organisationen ein Portfolio von circa 15 Angeboten  in  den  Bereichen Wohnen und  Energie,  Mobilität sowie  Konsum und Ernährung dauerhaft bereitgestellt. Die Aktualität der Angebote wird tur- nusmäßig geprüft und es werden eventuelle Anpassungen im Angebotsportfo- lio durchgeführt.
Der Ansatz des KlimaTrainings soll über eine zielgruppenspezifischere Ausge- staltung skaliert werden. KlimaTraining macht Schule: KlimaTraining wird als Projektkurs  an  der  Mathilde-Anneke-Gesamtschule  etabliert,  teilnehmende Schüler*innen werden zu KlimaTrainer*innen ausgebildet und begleiten Schü- ler*innen aus der Unterstufe oder in den Grundschulen.";Climate City Contract - 2030 Climate Neutrality Action Plan of the City of Muenster - 4.2 Module B-2 Climate Neutrality Portfolio Design (z. Dt.: Modul B-2 Portfolio-Gestaltung Klimaneutralität)
Bildung und Ernährung;Klimafreundliche Mittagsverpflegung in Schulen;Klimafreundliche Mittagsverpflegung in Schulen;"Sachstand: Die Anforderungen an die Qualität der Mittagsverpflegung in Schu- len steigen (Ratsanträge 2022/Bürgeranregung § 24 GO). Die Verwaltung hat deshalb bei den jüngsten Ausschreibungen den geforderten Anteil des Einsat- zes biozertifizierter Lebensmittel von 20 % auf 30 % erhöht. Gleichzeitig sinkt mit dem  eingeleiteten Wechsel der OGS-Trägerschaft von  der Stadt  zu den freien Trägern der Einfluss der Stadt auf die Ausgestaltung der Verpflegung an den  Grundschulen.  Im  Rahmen  der  Überarbeitung  der  OGS-Qualitätsstan- dards soll der Aspekt klimafreundliche Ernährung  weiterverfolgt werden. Für die Ausschreibungen der Mittagsverpflegung an den weiterführenden Schulen können klimafreundliche Aspekte im Rahmen der Leistungsverzeichnisse be- rücksichtigt werden, soweit dies im Vergaberecht zulässig ist. Die Leistungs- verzeichnisse sehen den anteiligen Einsatz von biologischen, saisonalen und
fair produzierten Lebensmitteln vor.";Climate City Contract - 2030 Climate Neutrality Action Plan of the City of Muenster - 4.2 Module B-2 Climate Neutrality Portfolio Design (z. Dt.: Modul B-2 Portfolio-Gestaltung Klimaneutralität)
Bildung und Ernährung;Bildungsarbeit Klimaschutz;Bildungsarbeit Klimaschutz;"Ziel: Münsteraner*innen aller Alters- und Lebensphasen zu klimaschonenden Lebensstilen ermutigen und so die Verankerung in der Stadtgesellschaft voran- treiben. Beispiele klimaschonenden Verhaltens sollen zielgruppengerecht auf- bereitet, Verhaltensänderungen angestoßen werden, um verhaltensbezogene CO2-Reduktionspotenziale zu nutzen. Die Angebote der vhs sowie der Stadt- bücherei in den Bereichen Umweltbildung, Klimaschutz, Nachhaltigkeit stoßen
bereits auf großes Interesse und sollen verstetigt/ausgebaut werden.";Climate City Contract - 2030 Climate Neutrality Action Plan of the City of Muenster - 4.2 Module B-2 Climate Neutrality Portfolio Design (z. Dt.: Modul B-2 Portfolio-Gestaltung Klimaneutralität)
Bildung und Ernährung;Biostadt    Münster    und    Ökomodellregion Münsterland;Biostadt  Münster    und    Ökomodellregion Münsterland;"Vom Rat der Stadt Münster wurden mit Bezug auf das Jahr 2030 folgende Ziele beschlossen:
- Regionale Wertschöpfungsprozesse aktiv zu unterstützen,
- Verpflegung in städtischen Kantinen, Schulen und Kitas zunehmend bio, fair, regional, vegetarisch und vegan ausrichten, Lebensmittelbedarf (sofern verfüg- bar)  zu 100 % aus umweltschonenden, saisonal produzierten  Lebensmitteln der Region decken und
- die Anteile der ökologischen Landwirtschaft auf mindestens 5 % bis 2030 und ebenfalls  die  Anteile  einer  nachhaltigeren  konventionellen  Landwirtschaft  zu steigern.";Climate City Contract - 2030 Climate Neutrality Action Plan of the City of Muenster - 4.2 Module B-2 Climate Neutrality Portfolio Design (z. Dt.: Modul B-2 Portfolio-Gestaltung Klimaneutralität)
Bildung und Ernährung;„TrinkWasser“-Kampagne;„TrinkWasser“-Kampagne;"Ziele:
-     Bereitstellung von Trinkwasser im öffentlichen Raum
-     Klimaschutz (CO2-Reduktion)/Hitzevorsorge/Gesundheitsförderung
-     Bildung und Information
Teilprojekte:
-     Bau von Trinkbrunnen, damit Trinkwasser an öffentlichen Orten bereitge- stellt wird. Hierbei soll, soweit möglich, an die bestehende Infrastruktur (z. B. öffentliche WC-Anlagen, historische Brunnen) angedockt werden.
-     Anwerben weiterer Refill-Standorte (https://refill-deutschland.de/muens- ter/) im gesamten Stadtgebiet, insbesondere in den äußeren Stadtteilen, und Steigerung des Bekanntheitsgrades durch öffentlichkeitswirksame Maßnahmen.
Informationskampagne „TrinkWasser“ zu den Vorteilen von Leitungswasser (zu Hause frisch  aus dem  Hahn  und  jederzeit  verfügbar, ständige Qualitätskon- trolle, gesund,  weil keine  Kalorien und viele Mineralstoffe, preiswert, ca. ein
Cent für zwei Liter, besonders nachhaltig, weil abfallfrei und kein CO2 für Trans- port und Verpackung)";Climate City Contract - 2030 Climate Neutrality Action Plan of the City of Muenster - 4.2 Module B-2 Climate Neutrality Portfolio Design (z. Dt.: Modul B-2 Portfolio-Gestaltung Klimaneutralität)
Wirtschaft und Wissenschaft;Masterplan Handwerk;Masterplan Handwerk;Das Handwerk hat eine große Bedeutung für die Bewältigung der anstehenden Zukunftsaufgaben. Das betrifft vor allem auch die Klimaund Energiewende. Das Handwerk kann seine Schlüsselfunktion nur bei entsprechend gestalteten Rahmenbedingungen übernehmen. Daher arbeiten Stadt Münster, Handwerkskammer und Kreishandwerkerschaft an einem gemeinsamen Masterplan, um das Handwerk konkret zu unterstützen und damit optimale Bedingungen für ein starkes Klimahandwerk zu schaffen.;Climate City Contract - 2030 Climate Neutrality Action Plan of the City of Muenster - 4.2 Module B-2 Climate Neutrality Portfolio Design (z. Dt.: Modul B-2 Portfolio-Gestaltung Klimaneutralität)
Wirtschaft und Wissenschaft;Ökoprofit;Ökoprofit;"138 Unternehmen/Institutionen aus Münster profitieren bereits von Einsparun-
gen,  die  sie  durch  ihre  Teilnahme  am  Beratungsprojekt  Ökoprofit®  (Amt für Grünflächen, Umwelt und Nachhaltigkeit) erzielen konnten: Ein Jahr lang stel- len Unternehmen und Nachhaltigkeitsberater*innen alle Abläufe eines Betrie- bes auf den Prüfstand: In Workshops und bei Vor-Ort-Beratungen werden kon- krete     Maßnahmen     entwickelt     und     umgesetzt,     Auszeichnung     aller Teilnehmenden als „Ökoprofit-Unternehmen“.
Bei den bisher 13 Durchgängen des Projektes konnten insgesamt 20.108 Ton-
nen CO2  eingespart werden.";Climate City Contract - 2030 Climate Neutrality Action Plan of the City of Muenster - 4.2 Module B-2 Climate Neutrality Portfolio Design (z. Dt.: Modul B-2 Portfolio-Gestaltung Klimaneutralität)
Wirtschaft und Wissenschaft;Wasserstoff;Wasserstoff;"- Wasserstoff-Koordinator  bei der  Technologieförderung  Münster GmbH seit April 2023: Wasserstoffstrategie für den Wirtschaftsstandort Münster
-  H2inBatCellProd  (Technologieförderung,  Fraunhofer  FFB,  Westfalen  AG, Stadtwerke, Stadtnetze): Einsatz von Grünem Wasserstoff als Energieträger für Trocknungsstrecken und Trockenräume in der Batteriezellproduktion";Climate City Contract - 2030 Climate Neutrality Action Plan of the City of Muenster - 4.2 Module B-2 Climate Neutrality Portfolio Design (z. Dt.: Modul B-2 Portfolio-Gestaltung Klimaneutralität)
Wirtschaft und Wissenschaft;Allianz für Klimaschutz;Allianz für Klimaschutz;"Zusammenschluss von rund 100 Münsteraner Unternehmen, die sich den städ- tischen Klimaschutzzielen verschrieben haben und hierfür jedes Jahr eine CO2- Grobbilanz und eine Klimaschutzmaßnahme erarbeiten. Im Gegenzug erhalten sie dafür von der Stadt eine Begleitung und Unterstützung: vier- bis fünfjährli- che Netzwerktreffen, vier Newsletter pro Jahr, verschiedene Beratungsange-
bote (5 bis 10 Beratungen pro Jahr), Öffentlichkeitsarbeit. Für die Unternehmen ist die Mitgliedschaft kostenfrei.";Climate City Contract - 2030 Climate Neutrality Action Plan of the City of Muenster - 4.2 Module B-2 Climate Neutrality Portfolio Design (z. Dt.: Modul B-2 Portfolio-Gestaltung Klimaneutralität)
Wirtschaft und Wissenschaft;Standortentwicklungsstrategie 2030+;Standortentwicklungsstrategie 2030+;"Verankerung des Ziels der Klimaneutralität als strategische Leitlinie in der Stan- dortentwicklungsstrategie 2030+, z. B. klimaneutrale Gewerbegebiete, Ausbau der Infrastrukturen für klimaneutrales Wirtschaften z. B. H2-Netze und Grüne Energie,  Stärkung  und  Weiterentwicklung  Münsters  als  Batterieforschungs-,
Produktions-, Nutzungs- und Recyclingstandort, Entwicklung der GreenTech- Region Münsterland";Climate City Contract - 2030 Climate Neutrality Action Plan of the City of Muenster - 4.2 Module B-2 Climate Neutrality Portfolio Design (z. Dt.: Modul B-2 Portfolio-Gestaltung Klimaneutralität)
Wirtschaft und Wissenschaft;Wirtschaftsförderung:  Informationsveranstal- tungen, Workshops, Podcast;Wirtschaftsförderung;Informationsveranstaltungen, Workshops, Podcast der Wirtschaftsförderung zu Nachhaltigkeit und Klimaschutz;Climate City Contract - 2030 Climate Neutrality Action Plan of the City of Muenster - 4.2 Module B-2 Climate Neutrality Portfolio Design (z. Dt.: Modul B-2 Portfolio-Gestaltung Klimaneutralität)
Wirtschaft und Wissenschaft;Klimastadt-Vertrag;Klimastadt-Vertrag;"Im Klimastadt-Vertrag veröffentlichen Münsteraner*innen ihren Beitrag auf dem Weg zur Klimastadt, verpflichten sich dadurch und inspirieren und motivieren weitere  Unterstützer*innen.  Weil  es  uns  alle  braucht!  Beginnend  mit  dem Stadtforum im Juni 2023 können alle Münsteraner*innen – egal ob Unterneh-
men, Bürger*in, Verein oder andere Einrichtung – Maßnahmen benennen, die sie selbst umsetzten und so als Beitrag zur Klimastadt zum Klimastadt-Vertrag beisteuern wollen. Jeder Beitrag auf dem Weg zur Klimaneutralität zählt. In ei-
nem intensiven Dialog mit Wirtschaft und Hochschulen werden Beiträge zum Klimastadt-Vertrag erarbeitet.";Climate City Contract - 2030 Climate Neutrality Action Plan of the City of Muenster - 4.2 Module B-2 Climate Neutrality Portfolio Design (z. Dt.: Modul B-2 Portfolio-Gestaltung Klimaneutralität)
Wirtschaft und Wissenschaft;Klimaneutrale Gewerbegebiete – im Bestand und in der Entwicklung;Klimaneutrale Gewerbegebiete;"1. Bestandsgewerbegebiete klimaneutral umgestalten: Besetzung einer neuen Stelle  bei  der Wirtschaftsförderung  zum  1.  Januar  2024,  2024  Analyse  und Umsetzung erster Maßnahmen 2.  Neue  Gewerbegebiete:  u.  a.  Gewerbegebiet  Gelmer  –  nördlich  Heit- mannsweg    (Bebauungsplanverfahren    mit    dem    Ziel    „klimapositiv“    mit Ratsbeschluss   22.03.2023   eingeleitet),   Modellquartier   Busso-Peus-Straße (zweiphasiger städtebaulicher Wettbewerb: Ratsbeschluss 10.05.2023 – klima- positive   Entwicklung,   Preisgericht   15.02.2024),   Modellquartier   Steinfurter Straße    (Werkstattverfahren    abgeschlossen,    Ratsbeschluss    10.05.2023,
Beschluss, Auslobung, Wettbewerb Mitte 2024: klimapositive Entwicklung) ...";Climate City Contract - 2030 Climate Neutrality Action Plan of the City of Muenster - 4.2 Module B-2 Climate Neutrality Portfolio Design (z. Dt.: Modul B-2 Portfolio-Gestaltung Klimaneutralität)
Wirtschaft und Wissenschaft;Kreislaufstadt;Kreislaufstadt;"Deutsches Institut für Urbanistik, Deutscher Städtetag, 22 Kommunen (Wirt- schaftsförderung): Im Städteverbund wird ein Modellansatz bestehend aus den Komponenten Leitbild und Ziele, Strategie, Prozesse, Strukturen, Instrumente
und Produkte für die Entwicklung von ganzheitlichen kommunalen Kreislauf- wirtschaftsstrategien erarbeitet.";Climate City Contract - 2030 Climate Neutrality Action Plan of the City of Muenster - 4.2 Module B-2 Climate Neutrality Portfolio Design (z. Dt.: Modul B-2 Portfolio-Gestaltung Klimaneutralität)
Wirtschaft und Wissenschaft;Startberatung Energieeffizienz;Startberatung Energieeffizienz;"Klimaschutz-Beratungsangebot für kleine und mittlere Unternehmen mit dem Schwerpunkt Energieeinsparung  und nachhaltiger,  effizienter  Energieeinsatz auf Basis erneuerbarer Energien
Ziel: ganz konkrete Klimaschutzmaßnahmen in den Unternehmen auf den Weg
bringen. Niedrigschwelliges Angebot: keine Anträge, Formulare, Kosten für das Unternehmen.";Climate City Contract - 2030 Climate Neutrality Action Plan of the City of Muenster - 4.2 Module B-2 Climate Neutrality Portfolio Design (z. Dt.: Modul B-2 Portfolio-Gestaltung Klimaneutralität)
Waste & circular economy;Münster Abfallfrei 2030 ;Münster Abfallfrei 2030 ;Mit der Vision 2030 streben die awm ein abfallfreies Münster 2030 an. Die Abfallwirtschaftsbetriebe Münster wollen Münster bis 2030 durch aktive Einbindung der Bürger*innen und in einem starken Netzwerk aus Kooperationspartnern zu einer Hauptstadt der Abfallvermeidung entwickeln – u. a. durch Projekte mit Bürgerbeteiligung, zielgruppenorientierte Bildungsarbeit, hochwertige Verwertung von Abfällen und Partnerschaften zur Erzeugung erneuerbarer Energien. Konsequente Abfallvermeidung durch die Stadtgesellschaft und eine innovative Verwertung der verbleibenden Abfälle leisten einen fundamentalen Beitrag zur Verringerung der Treibhausgasemissionen.;Climate City Contract - 2030 Climate Neutrality Action Plan of the City of Muenster - 4.2 Module B-2 Climate Neutrality Portfolio Design (z. Dt.: Modul B-2 Portfolio-Gestaltung Klimaneutralität)
Waste & circular economy;Pyrolyse als potenzielle Ausweitung der Prozesse zur Verwertung von Biound/oder Grünabfällen;Pyrolyse zur Abfallverwertung;Neben den im DNK-Bericht dargelegten Maßnahmen und Projekten prüfen die awm weitere innovative Technologien und Methoden, um ihre Prozesse stetig zu optimieren und ihren Beitrag zur Bioökonomie und Kreislaufwirtschaft zu intensivieren. Ein Fokus liegt derzeit unter anderem auf der Pyrolyse als potenzielle Ausweitung der Prozesse zur Verwertung von Biound/oder Grünabfällen. Diese Negativemissionstechnologie (NET) könnte eingesetzt werden, um Pflanzenkohle aus biogenen Abfällen wie Gärresten und Siebüberläufen aus der Kompostierung zu gewinnen.;Climate City Contract - 2030 Climate Neutrality Action Plan of the City of Muenster - 4.2 Module B-2 Climate Neutrality Portfolio Design (z. Dt.: Modul B-2 Portfolio-Gestaltung Klimaneutralität)
Landwirtschaft;Seit 2021 gibt es in der Stadtverwaltung Münster die Stelle eines Landwirtschaftlichen Beauftragten.;Landwirtschaftlichen Beauftragter;Die Aufgabe dieser Stelle besteht einerseits darin, die Verwaltungsleitung undderen Ämter in allen landwirtschaftlichen Sachfragen zu beraten und andererseits als Ansprechpartner für die Münsteraner Landwirte zu fungieren, um ei-nen guten Austausch zwischen Stadtverwaltung und Landwirten zu gewährleisten. Diese Aufgabe kommt auch in vielen klimaschutzrelevanten Projekten zumTragen.;Climate City Contract - 2030 Climate Neutrality Action Plan of the City of Muenster - 4.2 Module B-2 Climate Neutrality Portfolio Design (z. Dt.: Modul B-2 Portfolio-Gestaltung Klimaneutralität)
